company_name,city,state,website,phone,public_email,product_types,manufacturing_capabilities,packaging_formats,moq,certifications,operation_type,source_urls,last_checked_date,status,confidence,flags,quality_notes,master_name,master_dedupe_key
Portland Bottling Company,Portland,OR,https://www.portlandbottling.com/,,,"RTD beverages; energy drinks; functional beverages; juice-based drinks; sparkling water; carbonated beverages","Beverage formulation support; can filling; secondary packaging; warehousing","Aluminum cans in multiple sizes; 4-packs; 8-packs; 12-packs; 24-packs",,"FSSC 22000 certified; HACCP program",co-packer,https://www.portlandbottling.com/,2026-08-25,VERIFIED,5,beverage_gap; official_company_source,"Official site clearly offers beverage co-packing and names energy, functional, juice-based, and sparkling products. No minimum order was published on the page reviewed.",Portland Bottling Company,portland bottling company|portland|OR
Better Beverage Company,Bend,OR,https://betterbeveragecompany.com/,,Wade@BetterBeverageCompany.com,"Fermented beverages; non-fermented beverages; energy drinks; functional beverages; hydration drinks; juice-based drinks; hard cider; tea; kombucha; seltzer; soda","Custom fermentation; carbonation; mixing; blending; flavoring; product development; pilot runs; pasteurization; warehousing; fulfillment","Kegs; glass bottles; cans; trays; paperboard cartons; corrugated boxes; variety packs","Small and large batch runs; no numeric minimum published","SQF certified; FDA registered facility; certified organic by Oregon Tilth; allergen-free facility",co-manufacturer,https://betterbeveragecompany.com/about-us/; https://betterbeveragecompany.com/capabilities/,2026-08-25,VERIFIED,5,beverage_gap; fermentation; pilot_runs; official_company_source,"Division of Humm Kombucha. Official About and Capabilities pages establish outside co-manufacturing and product-development services. No numeric MOQ was published.",Better Beverage Company,better beverage company|bend|OR
Landmark Foods,Denver,CO,https://www.landmarkfoods.net/home.html,,,"Beverages; oils; dry mixes; dry blends","Contract beverage bottling; oil bottling; dry mixing; dry packaging",,,"FDA registered; certified organic by Colorado Department of Agriculture; HACCP training; GMP program",contract-packager,https://www.landmarkfoods.net/home.html; https://www.landmarkfoods.net/bottling.html; https://www.landmarkfoods.net/dry_mixing.html,2026-08-25,VERIFIED,4,dry_blend_gap; beverage_gap; official_company_source,"Official site identifies a Denver contract packaging facility for beverage bottling and dry mixing. The corrupted spreadsheet MOQ was discarded because no reliable minimum was found.",Landmark Foods,landmark foods|denver|CO
Cross Roots Group,San Diego,CA,https://www.crossrootsgroup.com/,(858) 245-1678,adam@crossrootsjuice.com,"Cold-pressed juice; wellness tonics; honey; sauces","Small-batch and mid-scale co-packing; white label; cold-press processing; formulation; ingredient sourcing; refrigerated storage; shipping support","Glass bottles; jars and other formats subject to line review","Flexible order quantities claimed; no numeric minimum published",,co-packer,https://www.crossrootsgroup.com/,2026-08-25,VERIFIED,5,cold_pressed_juice_gap; current_identity; official_company_source,"Uses the current Cross Roots Group co-packing identity, not only the consumer juice brand. Official site clearly invites outside beverage brands. Numeric MOQ and certifications remain unpublished.",Cross Roots Group,cross roots group|san diego|CA
Actus Nutrition,Wautoma,WI,https://actus.com/,,,"Protein powders; ready-to-mix beverages; sports nutrition; nutritional powders","Custom formulation; private-label powder manufacturing; blending; powder bottling; application testing; commercial trials","Powder bottles and ready-to-mix formats; exact formats must be confirmed",,,private-label-producer,https://actus.com/about/; https://actus.com/private-label/; https://actus.com/private-label/private-label-ready-to-mix/,2026-08-25,VERIFIED,5,dry_powder_gap; renamed_company; official_company_source,"Milk Specialties Global changed its name to Actus Nutrition in October 2024. Wautoma is the private-label sports-nutrition and powder-bottling facility named on the official About page. Certification scope varies by product and facility, so no broad badges were imported.",Actus Nutrition,actus nutrition|wautoma|WI
Oregon Trail Mountain Spring Water,North Powder,OR,https://oregontrailmountainspringwater.com/index.html,1-888-478-2900,,"Private-label bottled spring water","Spring-water bottling; custom label design; label printing","Custom-labeled bottles; sizes must be confirmed","Company states no minimum order for custom-labeled bottled water",,private-label-producer,https://oregontrailmountainspringwater.com/index.html; https://oregontrailmountainspringwater.com/artdept.htm,2026-08-25,VERIFIED,4,water_gap; published_moq; official_company_source,"Official company site clearly offers custom private-label bottled spring water and states no minimum order. Current package sizes and production timing must be confirmed directly.",Oregon Trail Mountain Spring Water,oregon trail mountain spring water|north powder|OR
Swift Cider,Portland,OR,https://www.swiftcider.com/copacking,(503) 719-3402,info@swiftcider.com,"Hard cider; wine; non-alcoholic carbonated beverages","Beverage co-packing; carbonated can filling; keg filling","12 oz standard cans; 12 oz sleek cans; 16 oz standard cans; American Sanke D-style kegs","930 gallons (30 barrels), approximately 400 cases of 12 oz cans or 300 cases of 16 oz cans",,co-packer,https://www.swiftcider.com/copacking,2026-08-25,VERIFIED,5,carbonated_beverage_gap; published_moq; official_company_source,"Official co-packing page states allowed beverages, package formats, minimum order, and excluded ingredients. Claims are limited to those published details.",Swift Cider,swift cider|portland|OR
St. Cousair,Newberg,OR,https://www.stcousair-oregon.com/copacking/,,,"Jams; beverages; syrups; pasta sauce; foods and beverages for co-packing","Product development; co-packing; glass and plastic filling; in-house R&D","Glass jars; glass bottles; plastic food-service containers","Four batches per flavor; examples include about 1,000 10 oz beverages per batch, 650 16 oz beverages per batch, or 880 12 oz pasta-sauce jars per batch",,co-packer,https://www.stcousair-oregon.com/copacking/; https://www.stcousair-oregon.com/2019/info-form/,2026-08-25,VERIFIED,5,moq_corrected; official_company_source,"The apparent 10,0000-unit spreadsheet typo was rejected. The official guidelines instead state four batches per flavor and publish example yields that vary by product and package.",St. Cousair,st cousair|newberg|OR
Portland Plant Foods,Wilsonville,OR,https://www.betterbeanco.com/private-label-services/,,Keith@betterbeanco.com,"Refrigerated prepared beans; hummus; soups; dips; sauces; acidified shelf-stable foods","Private label; contract manufacturing; kettle and skillet cooking; pumping; hot fill; refrigerated production","Retail and food-service formats compatible with the filling line; exact formats must be confirmed",,,co-manufacturer,https://www.betterbeanco.com/private-label-services/,2026-08-25,VERIFIED,5,refrigerated_food_gap; plant_based; official_company_source,"Official Better Bean service page identifies Portland Plant Foods as the operator and clearly offers outside private-label and contract manufacturing. Minimums and certifications were not published on the reviewed page.",Portland Plant Foods,portland plant foods|wilsonville|OR
